Symbol,Name,Last Sale,Net Change,% Change,Market Cap,Country,IPO Year,Volume,Sector,Industry
AAMC,Altisource Asset Management Corp Com,$80.34,-2.64,-3.181%,141464841.00,United States,,1470,Finance,Investment Managers
AAU,Almaden Minerals Ltd. Common Shares,$0.1602,0.0022,1.392%,21982870.00,Canada,2015,24684,,
ACAQ,Athena Consumer Acquisition Corp. Class A Common Stock,$10.48,0.00,0.00%,116945649.00,,2021,100,Industrials,Consumer Electronics/Appliances
ACU,Acme United Corporation. Common Stock,$25.4398,0.5297,2.126%,90010566.00,United States,1988,1440,Consumer Discretionary,Home Furnishings
ADEX,Adit EdTech Acquisition Corp. Common Stock,$10.30,-0.10,-0.962%,96484447.00,,2021,5275,Industrials,Consumer Electronics/Appliances
ADRT,Ault Disruptive Technologies Corporation Common Stock,$10.4915,0.0015,0.014%,150815313.00,,2022,26000,Industrials,Consumer Electronics/Appliances
AE,Adams Resources & Energy Inc. Common Stock,$39.08,0.00,0.00%,99054943.00,United States,1980,854,Energy,Oilfield Services/Equipment
AEF,abrdn Emerging Markets Equity Income Fund Inc. Common Stock,$5.13,-0.03,-0.581%,260356626.00,United States,,4264,Finance,Finance/Investors Services
AGE,AgeX Therapeutics Inc. Common Stock,$0.65,0.02,3.175%,24668320.00,,2018,713,Health Care,Biotechnology: Pharmaceutical Preparations
AIM,AIM ImmunoTech Inc. Common Stock,$0.5201,-0.0011,-0.211%,20642775.00,United States,1997,5855,Health Care,Biotechnology: Biological Products (No Diagnostic Substances)
AINC,Ashford Inc. (Holding Company) Common Stock,$9.85,-0.72,-6.812%,31490263.00,United States,2014,2311,Finance,Investment Managers
AIRI,Air Industries Group Common Stock,$3.82,0.04,1.058%,12407119.00,United States,,1115,Industrials,Military/Government/Technical
AMBI,Ambipar Emergency Response Class A Ordinary Shares,$7.29,0.00,0.00%,404083614.00,,,1265,Industrials,Environmental Services
AMBO,Ambow Education Holding Ltd. American Depository Shares each representing two Class A ordinary shares,$0.2667,0.00,0.00%,6772358.00,China,,16,Consumer Discretionary,Service to the Health Industry
AMPE,Ampio Pharmaceuticals Inc.,$0.213,-0.0169,-7.351%,3216913.00,United States,2022,16159,Health Care,Biotechnology: Pharmaceutical Preparations
AMS,American Shared Hospital Services Common Stock,$2.84,0.0031,0.109%,17562560.00,United States,1988,487,Health Care,Medical Specialities
APT,Alpha Pro Tech Ltd. Common Stock,$4.02,0.00,0.00%,49301103.00,Canada,2000,32,,
AREN,The Arena Group Holdings Inc. Common Stock,$4.00,-0.06,-1.478%,87086440.00,,2022,3259,Technology,Interactive Media
ARMP,Armata Pharmaceuticals Inc. Common Stock,$1.65,0.031,1.915%,59638765.00,United States,,1499,Health Care,Biotechnology: Biological Products (No Diagnostic Substances)
ASM,Avino Silver & Gold Mines Ltd. Common Shares (Canada),$0.90,-0.02,-2.174%,107275911.00,Canada,,60415,,
ASXC,Asensus Surgical Inc. Common Stock,$0.7238,-0.0262,-3.493%,173190680.00,United States,,228477,Health Care,Medical/Dental Instruments
ATNM,Actinium Pharmaceuticals Inc. (Delaware) Common Stock,$8.91,0.01,0.112%,229248687.00,United States,,8966,Health Care,Biotechnology: Pharmaceutical Preparations
AULT,Ault Alliance Inc. Common Stock,$0.1038,-0.0034,-3.172%,43154507.00,United States,1997,698442,Industrials,Military/Government/Technical
AULT^D,Ault Alliance Inc. 13.00% Series D Cumulative Redeemable Perpetual Preferred Stock,$10.92,0.00,0.00%,,United States,,27,,
AUMN,Golden Minerals Company Common Stock,$0.24,0.00,0.00%,41346061.00,United States,,21931,Basic Materials,Precious Metals
AUST,Austin Gold Corp. Common Shares,$1.1401,-0.0599,-4.992%,15131122.00,,2022,30742,,
AWX,Avalon Holdings Corporation Common Stock,$2.76,0.00,0.00%,10762430.00,United States,1998,14,Utilities,Environmental Services
BACA,Berenson Acquisition Corp. I Class A Common Stock,$10.06,0.00,0.00%,345938250.00,,2021,1,Industrials,Consumer Electronics/Appliances
BATL,Battalion Oil Corporation Common Stock,$6.9912,-0.0288,-0.41%,115008785.00,,,625,Energy,Oil & Gas Production
BCV,Bancroft Fund Ltd.,$16.60,0.00,0.00%,97575514.00,United States,1972,452,Finance,Finance/Investors Services
BCV^A,Bancroft Fund Limited 5.375% Series A Cumulative Preferred Shares,$24.01,0.00,0.00%,,United States,,4,,
BDL,Flanigan's Enterprises Inc. Common Stock,$27.57,0.00,0.00%,51242898.00,United States,1972,1,Consumer Discretionary,Restaurants
BGI,Birks Group Inc. Common Stock,$8.1099,-0.0201,-0.247%,151906285.00,Canada,,9633,,
BHB,Bar Harbor Bankshares Inc. Common Stock,$26.14,0.03,0.115%,395353149.00,United States,1997,6291,Finance,Major Banks
BHM,Bluerock Homes Trust Inc. Class A Common Stock,$18.27,-0.12,-0.653%,70220782.00,,2022,3697,Real Estate,Real Estate Investment Trusts
BITE,Bite Acquisition Corp. Common Stock,$10.30,0.00,0.00%,88979795.00,,2021,100,Industrials,Consumer Electronics/Appliances
BKTI,BK Technologies Corporation Common Stock,$2.5327,-0.0773,-2.962%,43051308.00,United States,,3835,Technology,Radio And Television Broadcasting And Communications Equipment
BLUA,BlueRiver Acquisition Corp. Class A Ordinary Shares,$10.15,0.00,0.00%,351333957.00,,2021,11,Finance,Blank Checks
BMTX,BM Technologies Inc. Common Stock,$3.545,-0.005,-0.141%,42049053.00,,2018,1213,Technology,EDP Services
BRBS,Blue Ridge Bankshares Inc. Common Stock,$10.07,0.01,0.099%,190790913.00,,,4624,Finance,Commercial Banks
BRN,Barnwell Industries Inc. Common Stock,$2.8001,-0.0399,-1.405%,27879719.00,United States,1965,3561,Energy,Oil & Gas Production
BTG,B2Gold Corp Common shares (Canada),$4.04,-0.08,-1.942%,4345012764.00,Canada,,862705,,
BTTR,Better Choice Company Inc. Common Stock,$0.4735,-0.0258,-5.167%,14461234.00,,2021,146,Consumer Discretionary,Food Distributors
BURU,Nuburu Inc. Common Stock,$1.64,-0.10,-5.747%,55080292.00,,2020,2615808,Technology,Industrial Machinery/Components
CANF,Can-Fite Biopharma Ltd Sponsored ADR (Israel),$1.7397,0.0097,0.561%,7102832.00,Israel,,905,Health Care,Biotechnology: Pharmaceutical Preparations
CATX,Perspective Therapeutics Inc. Common Stock,$0.6751,-0.0159,-2.301%,188121908.00,United States,,5181,Health Care,Medical Specialities
CCEL,Cryo-Cell International Inc. Common Stock,$3.62,0.00,0.00%,30602456.00,United States,2022,26,Health Care,Managed Health Care
CCF,Chase Corporation Common Stock,$109.00,-0.70,-0.638%,1036068435.00,United States,1995,2467,Consumer Discretionary,Paints/Coatings
CEI,Camber Energy Inc. Common Stock,$1.41,-0.07,-4.73%,31329852.00,United States,,103766,Energy,Oil & Gas Production
CET,Central Securities Corporation Common Stock,$34.88,-0.07,-0.20%,975816344.00,United States,1951,5127,Finance,Finance/Investors Services
CEV,Eaton Vance California Municipal Income Trust Shares of Beneficial Interest,$10.06,0.02,0.199%,70757765.00,United States,1999,162,Finance,Finance/Investors Services
CHAA,Catcha Investment Corp. Class A Ordinary Shares,$10.29,-0.005,-0.049%,99965899.00,,2021,5000,Finance,Blank Checks
CIK,Credit Suisse Asset Management Income Fund Inc. Common Stock,$2.65,0.02,0.76%,139493726.00,United States,,14659,Finance,Finance/Investors Services
CIX,CompX International Inc. Common Stock,$18.54,0.03,0.162%,228174691.00,United States,1998,477,Technology,Security Systems Services
CKX,CKX Lands Inc. Common Stock,$9.6979,0.00,0.00%,19147796.00,United States,2003,78,Energy,Oil & Gas Production
CLM,Cornerstone Strategic Value Fund Inc. New Common Stock,$7.5881,-0.0119,-0.157%,1650020788.00,United States,2003,154448,Finance,Finance/Investors Services
CMCL,Caledonia Mining Corporation Plc Common Shares,$16.00,-0.13,-0.806%,307009168.00,Canada,,3118,Basic Materials,Precious Metals
CMT,Core Molding Technologies Inc Common Stock,$19.185,0.035,0.183%,174820895.00,United States,1996,2256,Consumer Discretionary,Electronic Components
COHN,Cohen & Company Inc.,$7.0004,0.00,0.00%,12739790.00,United States,,5,Finance,Investment Managers
CPHI,China Pharma Holdings Inc. Common Stock,$0.35,-0.0159,-4.345%,2960333.00,China,,54818,Health Care,Biotechnology: Pharmaceutical Preparations
CQP,Cheniere Energy Partners LP Cheniere Energy Partners LP Common Units,$46.00,0.04,0.087%,22265523658.00,United States,2007,4839,Utilities,Oil/Gas Transmission
CRF,Cornerstone Total Return Fund Inc. (The) Common Stock,$7.255,0.005,0.069%,746768134.00,United States,2003,109997,Finance,Finance/Investors Services
CTGO,Contango ORE Inc. Common Stock,$30.975,-0.055,-0.177%,223557974.00,,2021,882,Basic Materials,Precious Metals
CTM,Castellum Inc. Common Stock,$1.0716,0.0116,1.094%,50833234.00,,2022,6832,Technology,EDP Services
CVM,Cel-Sci Corporation Common Stock,$2.59,-0.03,-1.145%,113349273.00,United States,1997,19869,Health Care,Biotechnology: Biological Products (No Diagnostic Substances)
CVR,Chicago Rivet & Machine Co. Common Stock,$29.982,-0.018,-0.06%,28966570.00,United States,1930,215,Consumer Discretionary,Industrial Specialties
CVU,CPI Aerostructures Inc. Common Stock,$3.5322,-0.0378,-1.059%,44388394.00,United States,2022,1080,Industrials,Military/Government/Technical
CYBN,Cybin Inc. Common Shares,$0.365,-0.006,-1.617%,69346072.00,,,156649,Health Care,Pharmaceuticals and Biotechnology
DC,Dakota Gold Corp. Common Stock,$3.21,-0.07,-2.134%,241690299.00,,2022,51364,Basic Materials,Precious Metals
DHY,Credit Suisse High Yield Bond Fund Common Stock,$1.88,-0.02,-1.053%,194605822.00,United States,1998,88775,Finance,Finance/Investors Services
DIT,AMCON Distributing Company Common Stock,$168.05,-4.45,-2.58%,102687289.00,United States,1999,13,Consumer Discretionary,Food Distributors
DLA,Delta Apparel Inc. Common Stock,$10.65,-0.11,-1.022%,74560863.00,United States,2000,1032,Consumer Discretionary,Department/Specialty Retail Stores
DMF,BNY Mellon Municipal Income Inc. Common Stock,$6.2697,-0.0003,-0.005%,130141837.00,United States,1988,10315,Finance,Finance/Investors Services
DNN,Denison Mines Corp Ordinary Shares (Canada),$1.005,-0.005,-0.495%,839537670.00,Canada,,137131,,
DPSI,DecisionPoint Systems Inc. Common Stock,$6.375,-0.025,-0.391%,47285555.00,,2022,908,Technology,Retail: Computer Software & Peripheral Equipment
DSS,DSS Inc. Common Stock,$0.2205,-0.0045,-2.00%,30653286.00,United States,,33479,,
DXF,Dunxin Financial Holdings Limited American Depositary Shares,$0.13,-0.0099,-7.076%,2714294.00,China,,100834,Consumer Discretionary,Apparel
EAD,Allspring Income Opportunities Fund Common Shares,$6.39,0.015,0.235%,381647709.00,United States,2003,58576,Finance,Finance/Investors Services
ECF,Ellsworth Growth and Income Fund Ltd.,$8.13,0.03,0.37%,112025237.00,United States,1986,6713,Finance,Finance/Investors Services
ECF^A,Ellsworth Growth and Income Fund Ltd. 5.25% Series A Cumulative Preferred Shares (Liquidation Preference $25.00 per share),$23.65,-0.11,-0.463%,,United States,,450,,
EFSH,1847 Holdings LLC Common Shares,$0.5499,0.0349,6.777%,2560134.00,,2022,4085,Industrials,Consumer Electronics/Appliances
EIM,Eaton Vance Municipal Bond Fund Common Shares of Beneficial Interest $.01 par value,$10.19,-0.05,-0.488%,733202945.00,United States,2002,43731,Finance,Finance/Investors Services
ELA,Envela Corporation Common Stock,$6.71,-0.04,-0.593%,180662597.00,United States,,223,Consumer Discretionary,Consumer Specialties
ELLO,Ellomay Capital Ltd Ordinary Shares (Israel),$11.7144,0.00,0.00%,150560322.00,Israel,,5,Utilities,Electric Utilities: Central
ELMD,Electromed Inc. Common Stock,$10.2436,-0.1564,-1.504%,87215690.00,United States,2011,1805,Health Care,Biotechnology: Electromedical & Electrotherapeutic Apparatus
EMAN,eMagin Corporation Common Stock,$2.00,-0.06,-2.913%,164916396.00,United States,,63835,Technology,Industrial Machinery/Components
EMX,EMX Royalty Corporation Common Shares (Canada),$2.0001,-0.0199,-0.985%,221339446.00,Canada,,13397,,
ENSV,Enservco Corporation Common Stock,$0.4605,0.0025,0.546%,7270764.00,United States,,10355,Energy,Oilfield Services/Equipment
ENX,Eaton Vance New York Municipal Bond Fund Common Shares of Beneficial Interest $.01 par value,$9.49,-0.08,-0.836%,170452633.00,United States,2002,1803,Finance,Finance/Investors Services
EP,Empire Petroleum Corporation Common Stock,$11.31,-0.28,-2.416%,253825478.00,United States,2022,2840,Energy,Oil & Gas Production
EPM,Evolution Petroleum Corporation Inc. Common Stock,$6.54,-0.07,-1.059%,220511142.00,United States,,4718,Energy,Oil & Gas Production
EQX,Equinox Gold Corp. Common Shares,$4.98,-0.13,-2.544%,1554429750.00,Canada,,531899,,
ERC,Allspring Multi-Sector Income Fund Common Stock,$9.0613,0.0113,0.125%,254145108.00,United States,2003,9067,Finance,Finance/Investors Services
ERH,Allspring Utilities and High Income Fund Common Shares,$10.78,0.029,0.27%,100170530.00,,2004,405,Finance,Finance/Investors Services
ESP,Espey Mfg. & Electronics Corp. Common Stock,$22.3322,0.2022,0.914%,60355741.00,United States,1960,1825,Technology,Industrial Machinery/Components
EU,enCore Energy Corp. Common Shares,$1.84,-0.04,-2.128%,220126240.00,,2023,33340,,
EVBN,Evans Bancorp Inc. Common Stock,$32.11,0.00,0.00%,175009422.00,United States,,143,Finance,Major Banks
EVI,EVI Industries Inc.  Common Stock,$18.16,-0.21,-1.143%,228204408.00,United States,1999,184,Industrials,Industrial Machinery/Components
EVM,Eaton Vance California Municipal Bond Fund Common Shares of Beneficial Interest $.01 par value,$8.89,0.03,0.339%,219342428.00,United States,2002,4076,Finance,Finance/Investors Services
EVV,Eaton Vance Limited Duration Income Fund Common Shares of Beneficial Interest,$9.5247,0.0847,0.897%,1106803095.00,United States,2003,56115,Finance,Finance/Investors Services
FAX,abrdn Asia-Pacific Income Fund Inc. Common Stock,$2.745,-0.005,-0.182%,679924886.00,United States,1986,59278,Finance,Investment Managers
FCO,abrdn Global Income Fund Inc. Common Stock,$5.09,0.00,0.00%,63833140.00,United States,1992,1269,Finance,Investment Managers
FEN,First Trust Energy Income and Growth Fund,$12.79,-0.23,-1.767%,248940992.00,United States,2004,11070,Finance,Finance/Investors Services
FGH,FG Group Holdings Inc. Common Stock,$2.02,0.02,1.00%,39328691.00,United States,,20277,Consumer Discretionary,Industrial Machinery/Components
FLAG,First Light Acquisition Group Inc. Class A Common Stock,$10.27,0.00,0.00%,101447306.00,,2021,3,Industrials,Consumer Electronics/Appliances
FOXO,FOXO Technologies Inc. Class A Common Stock,$0.5799,-0.0191,-3.189%,15899738.00,,2022,104315,Technology,Retail: Computer Software & Peripheral Equipment
FRD,Friedman Industries Inc. Common Stock,$11.8761,-0.0239,-0.201%,87593221.00,United States,1975,1148,Industrials,Steel/Iron Ore
FSI,Flexible Solutions International Inc. Common Stock (CDA),$3.12,0.00,0.00%,38798860.00,Canada,2002,1865,Consumer Discretionary,Recreational Games/Products/Toys
FSP,Franklin Street Properties Corp. Common Stock,$1.28,-0.02,-1.538%,132141970.00,United States,,127826,Real Estate,Real Estate Investment Trusts
FTF,Franklin Limited Duration Income Trust Common Shares of Beneficial Interest,$6.23,0.01,0.161%,251725480.00,United States,2003,16268,Finance,Finance/Investors Services
FURY,Fury Gold Mines Limited Common Shares,$0.5595,-0.001,-0.178%,81433798.00,,2020,10414,,
GAU,Galiano Gold Inc.,$0.63,-0.0151,-2.341%,141714375.00,Canada,,54587,,
GBR,New Concept Energy Inc Common Stock,$1.0059,-0.0041,-0.406%,5162212.00,United States,1993,1686,Real Estate,Real Estate
GENC,Gencor Industries Inc. Common Stock,$14.43,0.02,0.139%,211510640.00,United States,,1299,Industrials,Construction/Ag Equipment/Trucks
GGN,GAMCO Global Gold Natural Resources & Income Trust,$3.74,-0.03,-0.796%,576552113.00,United States,2005,156159,Finance,Finance/Investors Services
GGN^B,GAMCO Global Gold Natural Reources & Income Trust 5.00% Series B Cumulative 25.00 Liquidation Preference,$22.588,0.00,0.00%,,United States,,43,,
GLDG,GoldMining Inc. Common Shares,$1.065,-0.025,-2.294%,179160143.00,,,75158,,
GLO,Clough Global Opportunities Fund Common Stock,$4.745,0.005,0.105%,206624451.00,United States,2006,16766,Finance,Finance/Investors Services
GLQ,Clough Global Equity Fund Clough Global Equity Fund Common Shares of Beneficial Interest,$5.985,0.025,0.419%,114460857.00,United States,2005,7188,Finance,Finance/Investors Services
GLTA,Galata Acquisition Corp. Class A Ordinary Shares,$10.44,0.01,0.096%,187593750.00,,2021,11008,Consumer Discretionary,Rental/Leasing Companies
GLU,Gabelli Global Utility Common Shares of Beneficial Ownership,$15.19,0.14,0.93%,90667758.00,United States,2004,2444,Finance,Finance/Investors Services
GLU^B,The Gabelli Global Utility and Income Trust Series B Cumulative Puttable and Callable Preferred Shares,$49.85,0.00,0.00%,,United States,,87,,
GLV,Clough Global Dividend and Income Fund Common Shares of beneficial interest,$5.70,-0.05,-0.87%,72444623.00,United States,2004,4261,Finance,Finance/Investors Services
GNS,Genius Group Limited Ordinary Shares,$1.13,-0.04,-3.419%,27900449.00,,2022,394059,Real Estate,Other Consumer Services
GORO,Gold Resource Corporation Common Stock,$1.0199,0.0099,0.98%,90157231.00,United States,,18289,Basic Materials,Precious Metals
GRF,Eagle Capital Growth Fund Inc. Common Stock,$8.29,0.00,0.00%,32893360.00,United States,,12,Finance,Finance/Investors Services
GRFX,Graphex Group Limited American Depositary Shares each American Depositary Share representing 20 Ordinary Shares,$1.12,-0.04,-3.448%,41814380.00,,2022,923,,
GROY,Gold Royalty Corp. Common Shares,$2.214,-0.056,-2.467%,318623535.00,,2021,27589,,
GSAT,Globalstar Inc. Common Stock,$1.02,0.01,0.99%,1847220000.00,United States,2006,260875,Consumer Discretionary,Telecommunications Equipment
GTE,Gran Tierra Energy Inc. Common Stock,$0.8563,-0.0006,-0.07%,295092746.00,Canada,,103704,Energy,Oil & Gas Production
HNRA,HNR Acquisition Corp Common Stock,$10.48,0.00,0.00%,121895500.00,,2022,3038,Industrials,Consumer Electronics/Appliances
HNW,Pioneer Diversified High Income Fund Inc.,$10.04,0.01,0.10%,83680980.00,United States,2007,7135,Finance,Finance/Investors Services
HUSA,Houston American Energy Corporation Common Stock,$2.3948,-0.0152,-0.631%,25438806.00,United States,,12244,Energy,Oil & Gas Production
HWM^,Howmet Aerospace Inc. $3.75 Preferred Stock,$64.78,0.00,0.00%,,United States,,12,,
HZON,Horizon Acquisition Corporation II Class A Ordinary Shares,$11.31,0.00,0.00%,343241852.00,United States,2020,78,Finance,Blank Checks
IAF,abrdn Australia Equity Fund Inc. Common Stock,$4.455,-0.045,-1.00%,113465945.00,United States,1985,12431,Finance,Finance/Investors Services
IAUX,i-80 Gold Corp. Common Shares,$2.47,-0.11,-4.264%,609623913.00,,2022,136735,,
IBIO,iBio Inc. Common Stock,$1.264,-0.016,-1.25%,15634611.00,United States,,35597,Health Care,Biotechnology: Pharmaceutical Preparations
ID,PARTS iD Inc. Class A Common Stock,$0.3771,-0.0184,-4.652%,12864559.00,United States,2017,38604,Consumer Discretionary,Auto Parts:O.E.M.
IDR,Idaho Strategic Resources Inc. Common Stock,$5.87,-0.0421,-0.712%,71945790.00,,2022,1701,Basic Materials,Precious Metals
IDW,IDW Media Holdings Class B Common Stock,$0.7001,0.0401,6.076%,9890866.00,,2021,7643,Consumer Discretionary,Newspapers/Magazines
IE,Ivanhoe Electric Inc. Common Stock,$11.51,-0.61,-5.033%,1070106166.00,,2022,66114,Basic Materials,Metal Mining
IGC,IGC Pharma Inc. Common Stock,$0.3498,-0.0207,-5.587%,18566487.00,United States,,24882,Health Care,Biotechnology: Pharmaceutical Preparations
IHT,InnSuites Hospitality Trust Shares of Beneficial Interest,$1.3996,0.00,0.00%,12760871.00,United States,1999,27,Real Estate,Real Estate Investment Trusts
IMH,Impac Mortgage Holdings Inc. Common Stock ,$0.245,0.015,6.522%,8959375.00,United States,1997,7759,Finance,Finance: Consumer Services
IMO,Imperial Oil Limited Common Stock,$52.78,-0.51,-0.957%,30831580456.00,Canada,1929,29416,,
INDO,Indonesia Energy Corporation Limited Ordinary Shares,$4.8813,0.0256,0.527%,49509532.00,,2019,5635,Energy,Oil & Gas Production
INFU,InfuSystems Holdings Inc. Common Stock,$8.825,-0.035,-0.395%,184391747.00,United States,,2652,Health Care,Medical/Dental Instruments
INLX,Intellinetics Inc. Common Stock,$4.01,-0.0022,-0.055%,,,2022,256,Technology,EDP Services
INTT,inTest Corporation Common Stock,$21.48,-0.17,-0.785%,238886791.00,United States,1997,6583,Technology,Semiconductors
INUV,Inuvo Inc.,$0.3242,0.0044,1.376%,39361805.00,United States,,2505,Consumer Discretionary,Advertising
IOR,Income Opportunity Realty Investors Inc. Common Stock,$11.01,0.00,0.00%,45894238.00,United States,1987,25,Finance,Diversified Financial Services
IPVF,InterPrivate III Financial Partners Inc. Class A Common Stock,$10.18,-0.02,-0.196%,95314587.00,,2021,13142,Industrials,Consumer Electronics/Appliances
ISDR,Issuer Direct Corporation Common Stock,$18.95,0.00,0.00%,71839829.00,United States,,77,Technology,Computer Software: Prepackaged Software
ITP,IT Tech Packaging Inc. Common Stock,$0.47,-0.0195,-3.984%,4730982.00,China,,325,Basic Materials,Paper
ITRG,Integra Resources Corp. Common Shares,$0.595,0.015,2.586%,47459395.00,,,4020,,
JOB,GEE Group Inc. Common Stock,$0.4475,0.0165,3.828%,51216579.00,United States,1968,38081,Consumer Discretionary,Diversified Commercial Services
JWSM,Jaws Mustang Acquisition Corp. Class A Ordinary Shares,$10.02,0.00,0.00%,280345712.00,,2021,1808,Finance,Blank Checks
KIQ,Kelso Technologies Inc Ordinary Shares,$0.2779,0.0003,0.108%,15095552.00,Canada,,841,,
KNW,Know Labs Inc. Common Stock,$0.91,0.06,7.059%,43869223.00,,2022,74332,Industrials,Industrial Machinery/Components
KULR,KULR Technology Group Inc. Common Stock,$0.70,0.0039,0.56%,81361086.00,United States,,17528,,
LCTX,Lineage Cell Therapeutics Inc. Common Stock,$1.385,-0.025,-1.773%,207724166.00,United States,,6605,Health Care,Biotechnology: Biological Products (No Diagnostic Substances)
LEU,Centrus Energy Corp. Class A Common Stock,$29.32,-0.30,-1.013%,429210965.00,United States,2014,7357,,
LGL,LGL Group Inc. (The) Common Stock,$4.25,0.00,0.00%,22749982.00,United States,1946,66,Technology,Industrial Machinery/Components
LNG,Cheniere Energy Inc. Common Stock,$149.86,-1.22,-0.808%,36489994655.00,United States,2001,37527,Utilities,Oil/Gas Transmission
LODE,Comstock Inc. Common Stock,$0.4049,-0.0104,-2.504%,41718933.00,United States,,128212,Finance,Real Estate
LPTV,Loop Media Inc. Common Stock,$4.85,-0.15,-3.00%,273448864.00,,2022,135,Industrials,Broadcasting
LSF,Laird Superfood Inc. Common Stock,$0.86,-0.04,-4.444%,7928770.00,,2020,11640,Consumer Staples,Specialty Foods
LXFR,Luxfer Holdings PLC Ordinary Shares,$15.61,0.01,0.064%,420454929.00,United Kingdom,2012,9416,Industrials,Metal Fabrications
MAG,MAG Silver Corporation Ordinary Shares,$12.7448,-0.3052,-2.339%,1310835867.00,Canada,,80198,,
MAIA,MAIA Biotechnology Inc. Common Stock,$3.3099,-0.2201,-6.235%,36396998.00,,2022,130969,Health Care,Biotechnology: Pharmaceutical Preparations
MGLD,The Marygold Companies Inc. Common Stock,$1.6317,0.00,0.00%,64342531.00,,2022,55,Finance,Finance/Investors Services
MHH,Mastech Digital Inc Common Stock,$10.12,0.055,0.546%,117801880.00,United States,,3611,Consumer Discretionary,Professional Services
MIMO,Airspan Networks Holdings Inc. Common Stock,$0.515,0.00,0.00%,38410241.00,,2020,2,Consumer Discretionary,Telecommunications Equipment
MITQ,Moving iMage Technologies Inc. Common Stock,$1.02,0.01,0.99%,11131780.00,United States,2021,10085,Telecommunications,Telecommunications Equipment
MLSS,Milestone Scientific Inc. Common Stock,$0.78,0.00,0.00%,54598850.00,United States,2015,13,Health Care,Industrial Specialties
MNK,Mallinckrodt plc Ordinary Shares,$5.98,0.17,2.926%,78762173.00,,2022,2007,Health Care,Biotechnology: Pharmaceutical Preparations
MPTI,M-tron Industries Inc. Common Stock,$11.62,-0.14,-1.19%,31685393.00,,2022,931,,
MPU,Mega Matrix Corp. Common Stock,$1.57,0.04,2.614%,49555565.00,United States,1998,285,Consumer Discretionary,Diversified Commercial Services
MSN,Emerson Radio Corporation Common Stock,$0.539,0.00,0.00%,11341989.00,United States,1994,11,Consumer Staples,Consumer Electronics/Appliances
MTA,Metalla Royalty & Streaming Ltd. Common Shares,$5.02,-0.13,-2.524%,259872730.00,,,34096,,
MTNB,Matinas Biopharma Holdings Inc. Common Stock,$0.67,-0.045,-6.294%,145567232.00,United States,2017,170689,Health Care,Biotechnology: Pharmaceutical Preparations
MWG,Multi Ways Holdings Limited Ordinary Shares,$5.9525,0.0525,0.89%,183575100.00,,2023,14107,Consumer Discretionary,Miscellaneous manufacturing industries
MXC,Mexco Energy Corporation Common Stock,$12.3472,0.00,0.00%,26447702.00,United States,2003,45,Energy,Oil & Gas Production
MYO,Myomo Inc. Common Stock,$0.6176,-0.0373,-5.696%,12921249.00,United States,2017,194720,Health Care,Industrial Specialties
NAK,Northern Dynasty Minerals Ltd. Common Stock,$0.2311,-0.003,-1.282%,122432017.00,Canada,,150905,,
NAVB,Navidea Biopharmaceuticals Inc. Common Stock,$0.26,0.00,0.00%,8541326.00,United States,,6219,Health Care,Biotechnology: In Vitro & In Vivo Diagnostic Substances
NBH,Neuberger Berman Municipal Fund Inc. Common Stock,$10.49,0.07,0.672%,197664790.00,United States,2002,4034,Finance,Finance/Investors Services
NBO,Neuberger Berman New York Municipal Fund Inc. Common Stock,$9.58,-0.07,-0.725%,48641655.00,United States,2002,829,Finance,Finance/Investors Services
NBW,Neuberger Berman California Municipal Fund Inc Common Stock,$10.89,0.11,1.02%,60450869.00,United States,2002,1635,Finance,Finance/Investors Services
NBY,NovaBay Pharmaceuticals Inc. Common Stock,$1.76,0.2201,14.293%,3582381.00,United States,2007,2801786,Health Care,Biotechnology: Pharmaceutical Preparations
NEN,New England Realty Associates Limited Partnership Class A Depositary Receipts Evidencing Units of Limited Partnership,$71.75,0.00,0.00%,256695383.00,United States,,108,Finance,Real Estate
NEWP,New Pacific Metals Corp. Common Shares,$2.52,-0.10,-3.817%,395764173.00,,2021,37626,,
NFGC,New Found Gold Corp Common Shares,$4.775,-0.075,-1.546%,837427687.00,,2021,23526,,
NG,Novagold Resources Inc.,$5.57,-0.10,-1.764%,1860283516.00,Canada,2003,139488,,
NGD,New Gold Inc.,$1.265,-0.025,-1.938%,863742000.00,Canada,,428908,,
NHC,National HealthCare Corporation Common Stock,$57.68,0.48,0.839%,885698838.00,United States,1986,3649,Health Care,Hospital/Nursing Management
NHS,Neuberger Berman High Yield Strategies Fund,$8.94,-0.01,-0.112%,173726908.00,United States,,9121,Finance,Trusts Except Educational Religious and Charitable
NHWK,NightHawk Biosciences Inc. Common Stock,$0.7601,-0.001,-0.131%,19800004.00,United States,2022,1179,Health Care,Biotechnology: Pharmaceutical Preparations
NML,Neuberger Berman MLP and Energy Income Fund Inc. Common Stock,$6.5279,-0.0021,-0.032%,369863816.00,,2013,3468,Finance,Finance/Investors Services
NNVC,NanoViricides Inc. Common Stock,$1.3499,0.0099,0.739%,15706087.00,United States,,2567,Health Care,Biotechnology: Pharmaceutical Preparations
NRO,Neuberger Berman Real Estate Securities Income Fund Inc. Neuberger Berman Real Estate Securities Income Fund Inc.,$2.96,0.00,0.00%,140469186.00,United States,2003,6672,Finance,Finance/Investors Services
NSTB,Northern Star Investment Corp. II Class A Common stock,$10.06,0.00,0.00%,121461593.00,,2021,71,Industrials,Consumer Electronics/Appliances
NTIP,Network-1 Technologies Inc. Common Stock,$2.17,-0.03,-1.364%,51683986.00,United States,,1399,Technology,Interactive Media
OBE,Obsidian Energy Ltd. Common Shares,$6.66,-0.02,-0.299%,549065119.00,,2022,29972,,
OGEN,Oragenics Inc. Common Stock,$3.23,0.02,0.623%,6539642.00,United States,,341,Health Care,Biotechnology: Pharmaceutical Preparations
OPTT,Ocean Power Technologies Inc. Common Stock,$0.5272,-0.0014,-0.265%,29635877.00,United States,2007,7860,Industrials,Industrial Machinery/Components
ORLA,Orla Mining Ltd. Common Shares,$4.61,-0.14,-2.947%,1413704495.00,,2020,26392,,
OZ,Belpointe PREP LLC Class A Units,$93.13,0.08,0.086%,328138805.00,,,105,,
PCG^A,Pacific Gas & Electric Co. 6% Preferred Stock,$22.11,-0.08,-0.361%,,United States,,1854,,
PCG^B,Pacific Gas & Electric Co. 5 1/2% Preferred Stock,$19.5659,-0.1741,-0.882%,,United States,,3117,,
PCG^C,Pacific Gas & Electric Co. 5% 1st Preferred Stock,$18.05,0.00,0.00%,,United States,,50,,
PCG^D,Pacific Gas & Electric Co. 5% 1st  Red. Preferred Stock,$17.80,0.03,0.169%,,United States,,150,,
PCG^E,Pacific Gas & Electric Co. 5% 1st A Preferred Stock,$17.75,0.00,0.00%,,United States,,18,,
PCG^H,Pacific Gas & Electric Co. 4.50% 1st Preferred Stock,$17.502,0.012,0.069%,,United States,,1000,,
PCG^I,Pacific Gas & Electric Co. 4.36% 1st Preferred Stock,$15.6624,0.00,0.00%,,United States,,5,,
PED,Pedevco Corp. Common Stock,$0.9379,0.00,0.00%,81635066.00,United States,,745,,
PHGE,BiomX Inc. COmmon Stock,$0.34,-0.04,-10.526%,11281803.00,,2019,110378,Health Care,Biotechnology: Pharmaceutical Preparations
PLAG,Planet Green Holdings Corp. Common Stock,$0.4845,0.0145,3.085%,34923695.00,China,,805,,
PLG,Platinum Group Metals Ltd. Ordinary Shares (Canada),$1.6489,-0.0411,-2.432%,165229749.00,Canada,,63059,,
PLM,Polymet Mining Corporation Ordinary Shares (Canada),$2.0475,-0.0025,-0.122%,398106684.00,Canada,,25663,,
PLX,Protalix BioTherapeutics Inc. (DE) Common Stock,$2.3101,-0.0199,-0.854%,132555802.00,Israel,,121384,Health Care,Biotechnology: Biological Products (No Diagnostic Substances)
PLYM^A,Plymouth Industrial REIT Inc. 7.50% Series A Cumulative Redeemable Preferred Stock,$25.15,0.00,0.00%,,United States,,1013,,
POL,Polished Inc. Common Stock,$0.4474,0.0024,0.539%,47078952.00,United States,2020,15567,Consumer Discretionary,Other Specialty Stores
PRK,Park National Corporation Common Stock,$107.75,-2.01,-1.831%,1752401068.00,United States,1994,3944,Finance,Major Banks
PTN,Palatin Technologies Inc. Common Stock,$2.65,0.02,0.76%,29554602.00,United States,1999,793,Health Care,Biotechnology: Pharmaceutical Preparations
PW,Power REIT (MD) Common Stock,$3.1184,-0.0416,-1.316%,10570319.00,United States,1998,673,Real Estate,Real Estate Investment Trusts
PW^A,Power REIT 7.75% Series A Cumulative Perpetual Preferred Stock,$5.94,-0.06,-1.00%,,United States,,3240,,
PZG,Paramount Gold Nevada Corp. Common Stock,$0.3648,0.0147,4.199%,17630551.00,United States,2015,1071,Basic Materials,Precious Metals
RCG,RENN Fund Inc Common Stock,$1.78,0.03,1.714%,12488099.00,United States,,4138,Finance,Investment Managers
REI,Ring Energy Inc. Common Stock,$1.81,-0.01,-0.549%,353202767.00,United States,,416200,Energy,Oil & Gas Production
REPX,Riley Exploration Permian Inc. Common Stock,$45.1359,-0.3341,-0.735%,909891629.00,United States,1999,7505,Energy,Oil & Gas Production
RHE,Regional Health Properties Inc. Common Stock,$3.15,0.00,0.00%,5931538.00,,2017,2,Health Care,Hospital/Nursing Management
RHE^A,Regional Health Properties Inc. 10.875% Series A Cumulative Redeemable Preferred Stock,$4.30,0.00,0.00%,,,,16,,
RLGT,Radiant Logistics Inc. Common Stock,$6.41,-0.02,-0.311%,308841851.00,United States,,10069,Consumer Discretionary,Oil Refining/Marketing
RMED,Ra Medical Systems Inc. Common Stock,$1.39,-0.05,-3.472%,3464656.00,,2018,2726,Health Care,Medical/Dental Instruments
RVP,Retractable Technologies Inc. Common Stock,$1.8522,0.0122,0.663%,55449606.00,United States,2001,7102,Health Care,Medical/Dental Instruments
SACC,Sachem Capital Corp. 6.875% Notes due 2024,$23.50,-0.1056,-0.447%,0.00,United States,2019,150,Real Estate,Real Estate Investment Trusts
SACH,Sachem Capital Corp. Common Shares,$3.505,-0.055,-1.545%,153367318.00,United States,2017,15193,Real Estate,Real Estate Investment Trusts
SACH^A,Sachem Capital Corp. 7.75% Series A Cumulative Redeemable Preferred Stock,$19.89,-0.07,-0.351%,,United States,,2885,,
SATX,SatixFy Communications Ltd. Ordinary Share,$1.315,-0.085,-6.071%,108714566.00,,2022,872628,,
SBEV,Splash Beverage Group Inc. (NV) Common Stock,$1.095,-0.005,-0.455%,44988644.00,,2021,802,Consumer Staples,Beverages (Production/Distribution)
SCCB,Sachem Capital Corp. 7.125% Notes due 2024,$24.55,0.00,0.00%,0.00,United States,2019,151,Real Estate,Real Estate Investment Trusts
SCCC,Sachem Capital Corp. 7.75% Notes due 2025,$23.41,-0.18,-0.763%,0.00,United States,2020,200,Real Estate,Real Estate Investment Trusts
SCCD,Sachem Capital Corp. 6.00% Notes due 2026,$20.46,-0.0239,-0.117%,0.00,United States,,100,Real Estate,Real Estate Investment Trusts
SCCE,Sachem Capital Corp. 6.00% Notes due 2027,$20.60,0.0301,0.146%,0.00,United States,2022,425,Real Estate,Real Estate Investment Trusts
SCCF,Sachem Capital Corp. 7.125% Notes due 2027,$21.18,0.0001,0.00%,0.00,United States,2022,982,Real Estate,Real Estate Investment Trusts
SCCG,Sachem Capital Corp. 8.00% Notes due 2027,$21.98,0.02,0.091%,0.00,United States,2022,2444,Real Estate,Real Estate Investment Trusts
SDPI,Superior Drilling Products Inc. Common Stock,$0.9925,0.0075,0.761%,29025742.00,,2014,364,Industrials,Metal Fabrications
SEB,Seaboard Corporation Common Stock,$3942.03,-27.97,-0.705%,4575825641.00,United States,1996,9,Industrials,Consumer Electronics/Appliances
SENS,Senseonics Holdings Inc. Common Stock,$0.63,-0.0021,-0.332%,302261661.00,United States,,309585,Health Care,Biotechnology: Electromedical & Electrotherapeutic Apparatus
SIF,SIFCO Industries Inc. Common Stock,$2.82,-0.10,-3.425%,17196972.00,United States,1969,602,Industrials,Office Equipment/Supplies/Services
SILV,SilverCrest Metals Inc. Common Shares,$6.56,-0.14,-2.09%,965837092.00,,2018,125668,Industrials,Industrial Machinery/Components
SIM,Grupo Simec S.A.B. de C.V. American Depositary Shares,$34.73,0.00,0.00%,5349993130.00,Mexico,1998,10,Industrials,Aluminum
SKYH,Sky Harbour Group Corporation Class A Common Stock,$6.608,0.158,2.45%,377513923.00,,2022,734,Industrials,Military/Government/Technical
SLI,Standard Lithium Ltd. Common Shares,$3.55,-0.10,-2.74%,594632799.00,,2021,99518,,
SLND,Southland Holdings Inc. Common Stock,$7.97,0.11,1.399%,353930413.00,United States,,230,Industrials,Engineering & Construction
SNMP,Evolve Transition Infrastructure LP Common Stock,$0.1714,0.0088,5.412%,39598894.00,United States,,22093,Energy,Oil & Gas Production
SSY,SunLink Health Systems Inc. Common Stock,$1.135,0.015,1.339%,7980869.00,United States,1996,1400,Consumer Staples,Retail-Drug Stores and Proprietary Stores
STRW,Strawberry Fields REIT Inc. Common Stock,$7.0001,-0.0899,-1.268%,44561629.00,,2023,301,Real Estate,Real Estate Investment Trusts
STXS,Stereotaxis Inc. Common Stock,$1.85,-0.02,-1.07%,138852645.00,United States,,4269,Health Care,Biotechnology: Electromedical & Electrotherapeutic Apparatus
SVM,Silvercorp Metals Inc. Common Shares,$3.635,-0.075,-2.022%,642563548.00,,,325736,,
SVT,Servotronics Inc. Common Stock,$11.54,0.00,0.00%,29142112.00,United States,1970,55,Consumer Discretionary,Metal Fabrications
TELL,Tellurian Inc. Common Stock,$1.4175,0.0275,1.978%,798787356.00,United States,,903513,Energy,Oil & Gas Production
TELZ,Tellurian Inc. 8.25% Senior Notes due 2028,$16.90,0.00,0.00%,0.00,United States,,40,Energy,Oil & Gas Production
TGB,Taseko Mines Ltd. Common Stock,$1.65,-0.06,-3.509%,472713316.00,Canada,,154751,,
THM,International Tower Hill Mines Ltd. Ordinary Shares (Canada),$0.565,-0.005,-0.877%,110351949.00,Canada,,375,,
TKAT,Takung Art Co. Ltd. Common Stock,$0.62,0.0177,2.939%,21694969.00,,,1232,Consumer Discretionary,Catalog/Specialty Distribution
TMBR,Timber Pharmaceuticals Inc. Common Stock,$1.6651,0.0351,2.153%,5007988.00,United States,2015,802,Health Care, Medicinal Chemicals and Botanical Products 
TMP,Tompkins Financial Corporation Common Stock,$60.00,-0.82,-1.348%,875487060.00,United States,1997,6813,Finance,Major Banks
TMQ,Trilogy Metals Inc. Common Stock,$0.613,0.013,2.167%,91310434.00,Canada,,5880,,
TOVX,Theriva Biologics Inc. Common Stock,$0.6899,-0.0201,-2.831%,10434090.00,United States,,3990,Health Care,Biotechnology: Pharmaceutical Preparations
TPET,Trio Petroleum Corp. Common Stock,$2.27,0.05,2.252%,43327685.00,,2023,143137,Energy,Oil & Gas Production
TPHS,Trinity Place Holdings Inc. Common Stock,$0.3313,-0.0107,-3.129%,12312147.00,,,5301,Real Estate,Real Estate
TRT,Trio-Tech International Common Stock,$4.51,0.06,1.348%,18385827.00,United States,1998,300,Technology,Industrial Machinery/Components
TRX,TRX Gold Corporation Common Stock,$0.5289,-0.0201,-3.661%,146471038.00,Canada,,40463,,
UAMY,United States Antimony Corporation Common Stock,$0.375,0.0013,0.348%,39890003.00,United States,,18770,,
UAVS,AgEagle Aerial Systems Inc. Common Stock,$0.395,0.0011,0.279%,35973193.00,United States,,73594,Industrials,Wholesale Distributors
UEC,Uranium Energy Corp. Common Stock,$2.605,-0.095,-3.519%,977894858.00,Canada,,659270,Basic Materials,Other Metals and Minerals
UFAB,Unique Fabricating Inc. Common Stock,$0.1866,-0.0014,-0.745%,2189405.00,United States,2015,75703,Consumer Discretionary,Auto Parts:O.E.M.
URG,Ur Energy Inc Common Shares (Canada),$0.8744,-0.0335,-3.69%,231477117.00,Canada,,135951,,
USAS,Americas Gold and Silver Corporation Common Shares no par value,$0.546,0.005,0.924%,114044461.00,,2017,214101,,
UTG,Reaves Utility Income Fund Common Shares of Beneficial Interest,$28.84,0.08,0.278%,2104330586.00,United States,2004,15848,Finance,Investment Managers
UUU,Universal Security Instruments Inc. Common Stock,$1.9577,-0.0023,-0.117%,4527939.00,United States,2003,1751,Technology,Security Systems Services
UUUU,Energy Fuels Inc Ordinary Shares (Canada),$5.05,-0.10,-1.942%,798048531.00,,,140077,,
VFL,Delaware Investments National Municipal Income Fund Common Stock,$10.30,0.00,0.00%,215853959.00,United States,1993,383,Finance,Finance/Investors Services
VGZ,Vista Gold Corp Common Stock,$0.62,-0.005,-0.80%,74029535.00,United States,1986,16625,,
VHAQ,Viveon Health Acquisition Corp. Common Stock,$11.00,-0.03,-0.272%,75636275.00,,2021,3148,Industrials,Consumer Electronics/Appliances
VINE,Fresh Vine Wine Inc. Common Stock,$0.48,-0.0025,-0.518%,7620589.00,,2021,7665,Consumer Staples,Beverages (Production/Distribution)
VKI,Invesco Advantage Municipal Income Trust II Common Shares of Beneficial Interest (DE),$8.585,-0.025,-0.29%,381225682.00,United States,1993,3725,Finance,Finance Companies
VNRX,VolitionRX Limited Common Stock,$1.7068,0.0068,0.40%,107693560.00,Singapore,2015,2208,Health Care,Biotechnology: Biological Products (No Diagnostic Substances)
VZLA,Vizsla Silver Corp. Common Shares,$1.41,-0.01,-0.704%,292916501.00,,2022,27263,,
WLMS,Williams Industrial Services Group Inc. Common Stock,$0.9602,0.0001,0.01%,25981396.00,,2021,2150,Industrials,Engineering & Construction
WRAC,Williams Rowland Acquisition Corp. Common Stock,$10.3116,0.00,0.00%,296458500.00,,2021,1,Industrials,Consumer Electronics/Appliances
WRN,Western Copper and Gold Corporation Common Stock,$1.72,-0.07,-3.911%,276832258.00,Canada,2011,43774,,
WTT,Wireless Telecom Group  Inc. Common Stock,$1.81,0.00,0.00%,38681595.00,United States,1993,6090,Telecommunications,Telecommunications Equipment
WWR,Westwater Resources Inc. Common Stock,$0.9099,0.0002,0.022%,45494781.00,United States,,10074,Basic Materials,Other Metals and Minerals
WYY,WidePoint Corporation Common Stock,$1.8601,-0.0399,-2.10%,16230258.00,United States,,4419,Technology,EDP Services
XPL,Solitario Zinc Corp. Common Stock,$0.641,-0.0051,-0.789%,41537680.00,United States,,2210,Basic Materials,Precious Metals
XTNT,Xtant Medical Holdings Inc. Common Stock,$0.64,0.035,5.785%,69694111.00,United States,,1889,Health Care,Medical Specialities
YCBD,cbdMD Inc. Common Stock,$0.1171,0.0011,0.948%,7675601.00,United States,2017,190432,Health Care,Biotechnology: Pharmaceutical Preparations
YCBD^A,cbdMD Inc. 8.0% Series A Cumulative Convertible Preferred Stock,$3.55,0.07,2.011%,,United States,,9193,,
ZDGE,Zedge Inc. Class B Common Stock ,$2.029,-0.011,-0.539%,29779355.00,,2016,1490,Technology,Internet and Information Services
ZOM,Zomedica Corp. Common Shares,$0.2073,-0.0006,-0.289%,203143566.00,United States,2017,295351,Health Care,Pharmaceuticals and Biotechnology
